published_date,title,summary,ticker,ticker_sentiment_score,ticker_sentiment_label
20250101T140500,Can Nike Stock Reach $100 in 2025?,"Nike ( NYSE: NKE ) is proving that even some of the most dominant and well-known businesses can hit a rough patch. The S&P 500 is in record territory, but that's not the case for this stock.Shares of the sportswear giant last traded in the three-figure club in March 2024, but they've been in a ...",NKE,0.388105,Bullish
20250101T160013,$100 Invested In Nike 20 Years Ago Would Be Worth This Much Today - Nike  ( NYSE:NKE ) ,"Nike NKE has outperformed the market over the past 20 years by 1.79% on an annualized basis producing an average annual return of 10.09%. Currently, Nike has a market capitalization of $112.53 billion.",NKE,0.384695,Bullish
20250102T144600,Bear of the Day: Nike  ( NKE ) ,When will business turn around?,NKE,-0.106442,Neutral
20250102T174501,"World's Top 10 Richest People Gained More Wealth In 2024 Than Costco And Nike's Combined Valuation: How Elon Musk, Warren Buffett And Others Fared - Alphabet  ( NASDAQ:GOOG ) , Amazon.com  ( NASDAQ:AMZN ) ","Billionaire Elon Musk became the first person in the world to have a wealth of more than $400 billion, an accomplishment that came following the 2024 presidential election. Musk wasn't the only billionaire to see their wealth grow dramatically in 2024.",NKE,0.308702,Somewhat-Bullish
20250103T131700,Happy New Year: Here Are Two Stocks to Watch Going Into 2025,"Ah, the new year. The time of resolutions that we don't usually keep. Well, I have a good resolution for you this year. Invest in long-term stocks! It's still a strategy that consistently produces good results, and is much easier on your mental health than trying to constantly time the market and ...",NKE,0.138451,Neutral
20250103T132718,"Bill Ackman Loaded Up On Nike, Now This Analyst Says Stock Expected To Shoot Up 32% By 2027 Thanks To These Factors - Nike  ( NYSE:NKE ) ",Nike shares have fallen by 30.86% in 2024. Bill Ackman's Pershing Square increased the Nike's shares in its portfolio by 436% in Q3.,NKE,0.244159,Somewhat-Bullish
20250103T163011,Why Is Foot Locker  ( FL )  Up 2.4% Since Last Earnings Report?,Foot Locker (FL) reported earnings 30 days ago. What's next for the stock? We take a look at earnings estimates for some clues.,NKE,-0.014794,Neutral
20250103T201929,Nike Unusual Options Activity - Nike  ( NYSE:NKE ) ,"Deep-pocketed investors have adopted a bullish approach towards Nike NKE, and it's something market players shouldn't ignore. Our tracking of public options records at Benzinga unveiled this significant move today.",NKE,0.222152,Somewhat-Bullish
20250106T154524, ( NKE )  - Analyzing Nike's Short Interest - Nike  ( NYSE:NKE ) ,"Nike's NKE short percent of float has fallen 5.64% since its last report. The company recently reported that it has 23.85 million shares sold short, which is 2.51% of all regular shares that are available for trading. Based on its trading volume, it would take traders 2.18 days to cover their ...",NKE,0.081887,Neutral
20250107T151500,"Are These Beaten-Down Stocks Worth A Look? AMD, NKE","Though the market has enjoyed a great stretch over the last year or so, not all have joined the party, including popular names such as Advanced Micro Devices and Nike. Is it time for a turnaround?",NKE,0.221101,Somewhat-Bullish
20250107T170049,Puma challenges Tiger Woods' Sun Day Red logo,The German sneaker and apparel company says the Sun Day Red logo is too similar to the logo that Puma has been using since ...,NKE,0.102828,Neutral
20250108T123800,Zacks Investment Ideas feature highlights: Advanced Micro Devices and Nike,Advanced Micro Devices and Nike are part of the Zacks Investment Ideas article.,NKE,0.225381,Somewhat-Bullish
20250108T133000,3 Beaten-Down Stocks That May Be Due for Big Comebacks in 2025,"The past year was a great one for the stock market as a whole, but there were plenty of companies that didn't do well in 2024. Shares of Celsius Holdings ( NASDAQ: CELH ) , DexCom ( NASDAQ: DXCM ) , and Nike ( NYSE: NKE ) all fell by more than 30% during the year, as investors weren't thrilled ...",NKE,0.011265,Neutral
20250108T175500,"""Motley Fool Money"" 2025 Stock Market Preview","New year, new market? Motley Fool analysts preview what's in store for investors in 2025, the companies they're excited to watch and the businesses they're worried about.",NKE,0.185172,Somewhat-Bullish
20250108T195500,Nike Vs Adidas Stock: Which is the Better Investment for 2025?,"As we begin 2025, Nike (NKE) shares have hovered near 52-week lows while Adidas (ADDYY) stock is not far from its highs.",NKE,0.413849,Bullish
20250109T102100,5 Magnificent Stocks  ( Not Named Nvidia )  Billionaire Money Managers Are Piling Into for 2025,Five of Wall Street's most-prominent billionaire asset managers have picked out some of their favorite stocks for the new year.,NKE,0.088974,Neutral
20250109T114500,Is Nike a Top Buy in 2025?,"Like an athlete going through a slump, Nike ( NYSE: NKE ) finds itself at a critical juncture. The sportswear giant's shares have tumbled nearly 30% over the prior 12 months, while the S&P 500 ( SNPINDEX: ^GSPC ) has delivered total returns of 27.5%, including dividends.Despite the sharp decline, ...",NKE,0.639606,Bullish
20250110T101200,Can the 3 Best-Performing Stock Market Sectors in 2024 Crush the S&P 500 Again in 2025?,"The S&P 500 ( SNPINDEX: ^GSPC ) rose 23.3% in 2024, marking the first time the index posted back-to-back years of 20% gains or higher since the 1990s.There are 11 stock market sectors, but only three beat the S&P 500 last year: communications, financials, and consumer discretionary.",NKE,0.010743,Neutral
20250110T143000,Is Roblox Stock a Buy in 2025?,Roblox is a high-risk -- but potentially high-reward -- stock.,NKE,0.082195,Neutral
20250110T173624,"This McDonald's Analyst Turns Bullish; Here Are Top 5 Upgrades For Friday - Burlington Stores  ( NYSE:BURL ) , Gilead Sciences  ( NASDAQ:GILD ) ","Top Wall Street analysts changed their outlook on these top names. For a complete view of all analyst rating changes, including upgrades, downgrades and initiations, please see our analyst ratings page. Morgan Stanley analyst Matthew Harrison upgraded the rating for Gilead Sciences, Inc.",NKE,0.281334,Somewhat-Bullish
20250111T002700,Can Bank Stocks Sustain Recent Momentum?,"Despite the outperformance from the big banks over the past year, they are still cheap on most conventional valuation metrics. Should investors take a closer look?",NKE,0.0,Neutral
20250111T084200,2 Magnificent S&P 500 Dividend Stocks Down Over 39% to Buy and Hold Forever,"The market indices all hit new highs in 2024, but some top consumer brands didn't fare as well and saw their share prices tumble to new lows. For income investors, this is a great time to buy shares of quality dividend stocks that are offering their highest yields in years.",NKE,0.383287,Bullish
20250113T090000,Bear of the Day: Nike  ( NKE ) ,"Though Nike's global brand recognition remains strong, the company faces significant headwinds that could impact its future growth. From geopolitical risks to its direct-to-consumer strategy, Stock Strategist Andrew Rocco explains why Nike's path forward is uncertain.",NKE,0.029105,Neutral
20250113T090900,"JPMorgan, Wells Fargo and Citigroup are part of Zacks Earnings Preview","Chicago, IL - January 13, 2025 - Zacks.com releases the list of companies likely to issue earnings surprises. This week's list includes JPMorgan ( JPM Quick QuoteJPM - ) , Wells Fargo ( WFC Quick QuoteWFC - ) and Citigroup ( C Quick QuoteC - ) .",NKE,0.0,Neutral
20250113T113000,1 Stock Down 60% That's a No-Brainer Buying Opportunity in 2025,"When looking back at the past 24 months, investors have so much to cheer about. The S&P 500 is up 51% during that time, thanks to a resilient economic backdrop, solid financial results, and heightened investor optimism.But not all companies are benefiting.",NKE,0.410422,Bullish
20250113T135000,Vistra and Nike have been highlighted as Zacks Bull and Bear of the Day,"Chicago, IL - January 13, 2025 - Zacks Equity Research shares Vistra ( VST Quick QuoteVST - ) as the Bull of the Day and Nike ( NKE Quick QuoteNKE - ) as the Bear of the Day.",NKE,0.028532,Neutral
20250113T233017,"Mark Cuban Says He Avoids Investing In Companies Dependent On Amazon, Calling Their Seller Fees 'Insane And Unsustainable' - Amazon.com  ( NASDAQ:AMZN ) ","Amazon has long been a lifeline for businesses wanting to reach millions of customers. But for some, that lifeline turns into an anchor dragging them down. Mark Cuban, billionaire investor and entrepreneur, recently shared strong views on Amazon's AMZN impact on businesses, particularly those ...",NKE,-0.286994,Somewhat-Bearish
20250114T100500,"The Zacks Analyst Blog Highlights Amazon, NatWest and Tencent","Amazon, NatWest and Tencent are included in this Analyst Blog.",NKE,0.0,Neutral
20250115T151413,Alium Launches With $7m Seed Funding to Fix Enterprise Software Buying,"NEW YORK, Jan. 15, 2025 ( GLOBE NEWSWIRE ) -- Today, Alium is officially emerging from stealth mode to fix enterprise software buying, starting with marketing and ecommerce.",NKE,0.109059,Neutral
20250115T152900,"Pre-Markets Up Huge on CPI, Q4 Bank Numbers","While CPI numbers ultimately lack a level of glamour, pre-market trading is taking them as a permission to push higher.",NKE,-0.040234,Neutral
20250115T155600,CPI Comes in Slightly Warmer Than Expected,"It's a big news morning for the stock market, and the major indexes are here for it. As Q4 results for the Big Banks trickle in this morning and Consumer Price Index ( CPI ) numbers affected a big boost to early trading, we continue to see higher gains ahead of the bell at this hour.",NKE,0.081058,Neutral
20250116T085500,"3 Magnificent S&P 500 Dividend Stocks Down 25%, 60%, and 26% to Buy and Hold Forever",The time to step into quality dividend payers is when the crowd forgets there's never a bad time to own a high-quality stock.,NKE,0.050879,Neutral
20250116T104500,Is Nike Stock a No-Brainer Buy in 2025?,"In this video, I will cover the recent updates regarding Nike ( NYSE: NKE ) . Watch the short video to learn more, consider subscribing, and click the special offer link below.*Stock prices used were from the trading day of Jan. 14, 2025. The video was published on Jan. 15, 2025.Continue ...",NKE,0.378346,Bullish
20250116T124800,"Forget NIKE, Buy These 3 Athletic and Lifestyle Footwear Stocks","NKE faces challenges that are affecting its view. Explore why WWW, SKX and SHOO shine in the footwear market with innovation, style and growth potential.",NKE,-0.135182,Neutral
20250116T140019,"Here is What to Know Beyond Why NIKE, Inc.  ( NKE )  is a Trending Stock","Nike (NKE) has received quite a bit of attention from Zacks.com users lately. Therefore, it is wise to be aware of the facts that can impact the stock's prospects.",NKE,0.113274,Neutral
20250116T154539,A Closer Look at Nike's Options Market Dynamics - Nike  ( NYSE:NKE ) ,"Investors with a lot of money to spend have taken a bullish stance on Nike NKE. We noticed this today when the trades showed up on publicly available options history that we track here at Benzinga. Whether these are institutions or just wealthy individuals, we don't know.",NKE,0.244064,Somewhat-Bullish
20250117T010000,"Social Media Analytics Market Size to Surpass USD 81,494.11 Million by 2033 | Straits Research","New York, United States, Jan. 16, 2025 ( GLOBE NEWSWIRE ) -- Social Media Analytics is collecting, measuring, analyzing, and interpreting data from social media platforms. This data helps businesses, marketers, and social media managers understand user behaviors, trends, and the impact of their ...",NKE,0.358727,Bullish
20250119T124000,Nike Stock Keeps Falling. Time to Buy?,"Nike ( NYSE: NKE ) is a ubiquitous sportswear brand with a trailing 12-month revenue of $49 billion. But after a decade of market-beating returns, Nike's stock has been crushed over the last year by weakening sales trends.The stock trades down 60% from its previous peak, which looks tempting for ...",NKE,0.213744,Somewhat-Bullish
20250121T103400,Can the 8 Worst-Performing Dow Jones Stocks in 2024 Beat the S&P 500 in 2025?,"2024 was an excellent year for the major stock market indexes. But the Dow Jones Industrial Average ( DJINDICES: ^DJI ) had just a 12.9% return, compared to 23.3% for the S&P 500 ( SNPINDEX: ^GSPC ) and 28.6% for the Nasdaq Composite.Eight of the 30 Dow components lost value in 2024.",NKE,0.162602,Somewhat-Bullish
20250121T130000,Here Are Billionaire Bill Ackman's 5 Biggest Stock Holdings,"Billionaire Bill Ackman, the CEO of Pershing Square Capital Management, is one of the most respected investors working today.Once dubbed ""Baby Buffett,"" Ackman is known for taking a handful of large positions in his portfolio, often on high-profile consumer stocks.",NKE,-0.032917,Neutral
20250121T130207,"The Next Moncler? How Emerging Brand Perfect Moment Is Capitalizing On The Luxury Skiwear Market - Lululemon Athletica  ( NASDAQ:LULU ) , Canada Goose Hldgs  ( NYSE:GOOS ) ","While economic challenges continue to dominate headlines, history has consistently proven that well-run enterprises positioned in burgeoning markets can punch well above their weight - an ethos that luxury skiwear and lifestyle brand Perfect Moment PMNT embraces.",NKE,0.005001,Neutral
20250122T124500,"1 S&P 500 Stock to Buy With $1,000 in 2025 and Hold for 5 Years  ( or Longer ) ","It's the start of a new year. The economy is on solid footing, and the stock market is roaring higher. Some businesses are being left behind, though. In fact, there's a longtime industry leader that has struggled to grow revenue and profits recently.",NKE,0.24277,Somewhat-Bullish
20250122T153400,Michael Jordan's Last Game-Worn OG Air Jordan I Sneakers From an NBA Game Go Up for Auction - Medical Care Technologies  ( OTC:MDCE ) ,"MESA, Ariz., Jan. 22, 2025 /PRNewswire/ -- MDCE / Infinite Auctions MDCE is honored to present one of the most significant pieces of basketball history ever to hit the auction block: Michael Jordan's game-worn Air Jordan I sneakers, possibly the last pair of original Air Jordan I sneakers he ...",NKE,0.034606,Neutral
20250122T164700,The Ownership Battles at U.S. Steel and TikTok,"In this podcast, Motley Fool analyst Jason Moser and host Mary Long discuss:Then, Motley Fool host Alison Southwick and personal finance expert Robert Brokamp tackle the listener mailbag and answer your questions about finding flat-fee financial advisors, trimming in-the-red stocks, and more.To ...",NKE,0.068453,Neutral
20250123T093500,"The Best Bill Ackman Stocks to Invest $1,000 in Right Now","Billionaire investor Bill Ackman has been climbing the ranks of best investors to watch for much of the 21st century. Like most hedge funds, his returns have been volatile. For instance, Pershing Square Holdings, which is managed by Ackman's fund Pershing Square Capital Management, only returned ...",NKE,0.129635,Neutral
20250123T165756,Adidas to cut up to 500 jobs after posting better-than-expected holiday profits,Adidas plans to cut as many as 500 jobs at its corporate headquarters in Germany in a bid to simplify its business-not to cut costs.,NKE,0.189029,Somewhat-Bullish
20250124T225022,Nike  ( NKE )  Declines More Than Market: Some Information for Investors,"In the most recent trading session, Nike (NKE) closed at $73.57, indicating a -0.97% shift from the previous trading day.",NKE,0.073282,Neutral
20250124T231523,Here's How Much $100 Invested In Nike 20 Years Ago Would Be Worth Today - Nike  ( NYSE:NKE ) ,"Nike NKE has outperformed the market over the past 20 years by 1.53% on an annualized basis producing an average annual return of 10.03%. Currently, Nike has a market capitalization of $109.48 billion.",NKE,0.384695,Bullish
20250125T111700,These Were the 5 Worst-Performing Stocks in the Dow Jones Industrial Average in 2024,"The Dow Jones Industrial Average ( DJIA ) is a group of 30 U.S. industry leaders. It's often looked at as a proxy for the market, since its components' performance is indicative of what's happening in the economy and the markets.",NKE,-0.008094,Neutral
20250126T091000,1 Dividend Stock Owned by Billionaire Bill Ackman That Could Double by 2030,"Investors like to watch Bill Ackman's trading moves closely. That's because he's a billionaire hedge fund manager who has regularly put up market-beating returns since 2004, with a strategy focused on making concentrated bets in high-quality businesses and holding for the long term.Pershing ...",NKE,0.477178,Bullish
20250128T130000,Timeless Announces Artist Logo Remix with Kevin Lyons,The renowned creative director puts his unique spin on the Company's latest campaign,NKE,0.287638,Somewhat-Bullish
20250128T160300,ZIPS Car Wash Convos™ is a Slam Dunk with Razorback® Men's Basketball Guard Boogie Fland,"FAYETTEVILLE, Ark., Jan. 28, 2025 /PRNewswire/ -- ZIPS Car Wash released today its video interview-based approach to NIL, Car Wash Convos™, featuring University of Arkansas® Razorbacks' Guard for the Men's Basketball team, Boogie Fland.",NKE,0.0,Neutral
20250129T140018,"Investors Heavily Search NIKE, Inc.  ( NKE ) : Here is What You Need to Know","Zacks.com users have recently been watching Nike (NKE) quite a bit. Thus, it is worth knowing the facts that could determine the stock's prospects.",NKE,0.113279,Neutral
20250129T182800,"Stargate, Netflix, GE Aerospace, Twilio, and More",There's a lot for investors to talk about.,NKE,0.036771,Neutral
20250130T085000,"3 Magnificent S&P 500 Dividend Stocks, Down 22% to 58%, to Buy and Hold Forever","These three stocks pay growing dividends, with yields currently among their highest on record.",NKE,0.151512,Somewhat-Bullish
20250130T110000,Women's Socks Market Size to Worth USD 22.8 Billion by 2033 | Straits Research,"New York, United States, Jan. 30, 2025 ( GLOBE NEWSWIRE ) -- The global women's socks market includes the manufacturing, distributing, and retailing of socks tailored for women, spanning casual, formal, sporty, fashionable, and therapeutic categories.",NKE,0.190889,Somewhat-Bullish
20250130T130500,EVŌQ Nano Secures Strategic Investment From Global Business Leader & Philanthropist Tony Robbins to Advance Next-Generation Antimicrobial Nanoparticle Technology,"SALT LAKE CITY, Jan. 30, 2025 /PRNewswire/ -- EVŌQ Nano, a nanoscience company that engineers novel nanoparticles for the life, material, and textile science industries, today announced a strategic investment from Tony Robbins, the renowned business and life strategist, #1 New York Times ...",NKE,0.222034,Somewhat-Bullish
20250201T171000,Is Nike Stock a Steal of a Deal?,"While it can be tempting to buy a hot stock when it's soaring in value, the returns may not be all that great if the stock is already trading at a high. If, however, you're willing to take a chance on a beaten-down stock, then the payoff could be much more attractive in the long run.Nike ( NYSE: ...",NKE,-0.108605,Neutral
20250202T230500,2 Quality Dividend Stocks Down Over 40% to Buy Before a Rebound,"The stock market's climb over the last few years has driven dividend yields to multiyear lows. The S&P 500 average yield is just 1.24% -- the lowest yield since 2000.The bull market has driven valuations for growth stocks higher, while weak consumer spending trends have left top retail stocks ...",NKE,0.23517,Somewhat-Bullish
20250203T111440,GT Protocol wraps up a busy 2024 with numerous milestones including launching AI agents Builder,"From a successful TGE to the launch of its Global AI Executive Technology, GT Protocol's AI agents will make AI accessible to industries worldwide and are being integrated with major brands such as Nike, Amazon, and Shein",NKE,0.268634,Somewhat-Bullish
20250203T140135,"Stocks that are getting hit the most from Trump's tariffs Monday include GM, Chipotle and Canada Goose","Tariffs could not only increase the cost of transporting goods across borders, they could also disrupt supply chains and crimp business confidence.",NKE,-0.278343,Somewhat-Bearish
20250203T171708,"Why Beer, Tequila, Avocados, Cars, iPhone Prices Could Rise: Trump's Tariffs On Canada, Mexico, China To Hurt Several Sectors - Apple  ( NASDAQ:AAPL ) , Mission Produce  ( NASDAQ:AVO ) ","Trump's tariff plans on Canada, China and Mexico could cause higher prices on several different sectors. A look at the sectors and stocks that could be hit the hardest. Get Wall Street's Hottest Chart Every Morning",NKE,0.0,Neutral
20250203T175939,"Nike To Rally Around 24%? Here Are 10 Top Analyst Forecasts For Monday - Baker Hughes  ( NASDAQ:BKR ) , AbbVie  ( NYSE:ABBV ) ","Top Wall Street analysts changed their outlook on these top names. For a complete view of all analyst rating changes, including upgrades and downgrades, please see our analyst ratings page. UBS cut Uber Technologies, Inc. UBER price target from $114 to $107. UBS analyst Lloyd Walmsley maintained ...",NKE,0.3326,Somewhat-Bullish
20250203T200000,3 Reasons Nike Is a Must-Buy for Long-Term Investors,"Nike ( NYSE: NKE ) has been a top stock to own throughout its history. However, the business has struggled in recent years, and the stock has floundered.Under former CEO John Donahoe, the company took its eye off the ball. It prioritized technical strategies, like performance marketing and its ...",NKE,0.255272,Somewhat-Bullish
20250203T201359,"Cotopaxi Announces Key Leadership Changes to Accelerate Global Brand Growth, Innovation, and Purpose-Driven Impact","Salt Lake City, Feb. 03, 2025 ( GLOBE NEWSWIRE ) -- Cotopaxi, a ""Gear for Good,"" B-Corp adventure lifestyle brand, is proud to announce the appointment of two key leadership positions: Craig Rowley as Chief Marketing Officer ( CMO ) and Sara Westbrook, SVP Product & Merchandising.",NKE,0.174854,Somewhat-Bullish
20250204T143300,Sports Business Ventures and Careers Launch Talent Group Announce Strategic Partnership to Transform Recruitment in the Sports Industry,"MESA, Ariz. , Feb. 4, 2025 /PRNewswire/ -- Sports Business Ventures ( SBV ) , a vertically integrated sports brand encompassing media, community, and consulting services, is partnering with Careers Launch Talent Group, a global leader in executive recruiting and outplacement services, to drive ...",NKE,0.071775,Neutral
20250204T184536,Nike's Options Frenzy: What You Need to Know - Nike  ( NYSE:NKE ) ,"Investors with a lot of money to spend have taken a bullish stance on Nike NKE. We noticed this today when the trades showed up on publicly available options history that we track here at Benzinga. Whether these are institutions or just wealthy individuals, we don't know.",NKE,0.281681,Somewhat-Bullish
20250204T224647,$1000 Invested In Nike 20 Years Ago Would Be Worth This Much Today - Nike  ( NYSE:NKE ) ,"Nike NKE has outperformed the market over the past 20 years by 2.05% on an annualized basis producing an average annual return of 10.41%. Currently, Nike has a market capitalization of $113.30 billion.",NKE,0.384695,Bullish
20250205T011800,Where Will Nike Stock Be in 1 Year?,The leading athletic footwear and apparel brand faces formidable challenges.,NKE,0.0,Neutral
20250206T131322,How Calvin Klein and Tommy Hilfiger got caught in Trump's trade war with China,"The owner of Calvin Klein and Tommy Hilfger has been placed on China's unreliable entities list, which could force it to cease operations in the region.",NKE,-0.012775,Neutral
20250206T153033,How Is The Market Feeling About Nike? - Nike  ( NYSE:NKE ) ,"Nike's NKE short percent of float has risen 8.53% since its last report. The company recently reported that it has 29.96 million shares sold short, which is 3.18% of all regular shares that are available for trading. Based on its trading volume, it would take traders 2.27 days to cover their ...",NKE,0.151778,Somewhat-Bullish
20250206T153400,"Women's Sports Are Surging, And Advertisers Can't Afford to Miss Out on The Opportunity","AdCellerant makes quality digital marketing accessible to every business. DENVER, Feb. 6, 2025 /PRNewswire/ -- As the world celebrated National Women's in Sports Day on Wednesday, Feb. 5, AdCellerant is spotlighting one of the most significant opportunities in modern advertising: Live women's ...",NKE,0.196918,Somewhat-Bullish
20250207T030008,What's next for Calvin Klein after parent's inclusion on Chinese blacklist?,Ministry of Commerce has put parent company PVH on its Unreliable Entity List for violation of market principles.,NKE,-0.175011,Somewhat-Bearish
20250207T152350,"This Nike Analyst Is No Longer Bullish; Here Are Top 5 Downgrades For Friday - Air Products & Chemicals  ( NYSE:APD ) , e.l.f. Beauty  ( NYSE:ELF ) ","Top Wall Street analysts changed their outlook on these top names. For a complete view of all analyst rating changes, including upgrades, downgrades and initiations, please see our analyst ratings page. Morgan Stanley analyst Dara Mohsenian downgraded the rating for e.l.f. Beauty, Inc.",NKE,0.054302,Neutral
20250207T164937,Why Nike Stock Slipped on Friday,"Nike ( NYSE: NKE ) stock slid 2.5% through 10:25 a.m. ET Friday after CNBC ( and others ) reported Citigroup is downgrading the stock to neutral. Citi is just back from a meeting with new Nike CEO Elliott Hill, and feeling unenthused by the CEO's promises for 2026 performance.",NKE,0.327601,Somewhat-Bullish
20250208T141000,1 Wall Street Analyst Thinks Nike Stock Is Going to $95. Is It a Buy?,"Shares of Nike ( NYSE: NKE ) are trading 57% below their previous peak due to weak financial performance in the past few years. Retail traffic was still a challenge for the leading athletic wear brand in the most recent quarter, but some analysts see a buying opportunity ahead of its ...",NKE,0.519914,Bullish
20250208T160700,2 Dividend Stocks to Double Up on Right Now,Looking for time-tested ways to boost your income portfolio? Two household-name stocks combine great dividend histories with rare buying opportunities today.,NKE,0.364397,Bullish
20250208T171516,Nike Returns to Super Bowl Advertising To Revive Sales After 27-Year Gap - Nike  ( NYSE:NKE ) ,"Nike tackles its sales slump by playing offense with a high-priced Super Bowl ad comeback. An iconic sneaker comeback: Nike tightens Jordans and Air Force 1s supply, aiming to spike consumer interest. Brand New Membership Level: Benzinga Trade Alerts Nike Inc.",NKE,0.029423,Neutral
20250208T231400,3 Reasons to Buy Nike Stock Like There's No Tomorrow,"Nike ( NYSE: NKE ) stock was a monster winner in the five years leading up to its peak in November 2021, soaring by 255% during that time frame. But it has been wildly disappointing since then as softer demand hurt its financial performance, and it now trades about 58% below that record high.",NKE,0.209313,Somewhat-Bullish
20250210T021124,"Super Bowl Ads Go All-In on AI, Stars, and $8M Price Tags: Elon Musk Shared This Advert With His Followers - Alphabet  ( NASDAQ:GOOG ) , Salesforce  ( NYSE:CRM ) ","Super Bowl Sunday has arrived, bringing with it a dazzling array of celebrity-packed commercials. Fox , the broadcaster of the game, reportedly announced in November that all ad slots were sold out, with over 10 spots costing advertisers $8 million each.",NKE,0.206245,Somewhat-Bullish
20250210T042537,"Eagles Fly Over Chiefs 40-22 As Super Bowl LIX Tests Potential 137 Million Viewership For Fox - Alphabet  ( NASDAQ:GOOG ) , Salesforce  ( NYSE:CRM ) ","The Philadelphia Eagles' 40-22 victory over the Kansas City Chiefs at Super Bowl LIX marked not just a shift in NFL power dynamics but also represented another test of the event's advertising and viewership supremacy, as industry observers await official audience numbers.",NKE,0.082076,Neutral
20250210T195041,"Why China-Exposed Stocks Alibaba, Estee Lauder, and Nike Rallied Today","Shares of Chinese stocks such as Alibaba ( NYSE: BABA ) and China-exposed stocks Estee Lauder ( NYSE: EL ) and Nike ( NYSE: NKE ) rallied on Monday, up 6.2%, 5.2%, and 2.9%, respectively, as of 2:20 p.m. ET.Alibaba has been clawing its way back from a multiyear downturn, and both Estee Lauder and ...",NKE,-0.167706,Somewhat-Bearish
20250211T093000,Best Stock to Buy Right Now: Nike vs. Apple,Which of these iconic American brands has a brighter future?,NKE,-0.003073,Neutral
20250211T133003,Here's How Much You'd Have If You Invested $1000 in Dick's Sporting Goods a Decade Ago,"Why investing for the long run, especially if you buy certain popular stocks, could reap huge rewards.",NKE,0.235167,Somewhat-Bullish
20250211T153100,Billionaire Bill Ackman Is Buying Uber Stock. Should You?,"Billionaire Bill Ackman, the CEO of Pershing Square Capital Management, is known for investing in cash-flowing consumer stocks and making contrarian bets.For instance, he invested in Chipotle Mexican Grill in 2016, while the burrito chain was still reeling from its E. coli crisis.",NKE,0.0,Neutral
20250211T163029,Nike Unusual Options Activity - Nike  ( NYSE:NKE ) ,"Whales with a lot of money to spend have taken a noticeably bullish stance on Nike. Looking at options history for Nike NKE we detected 26 trades. If we consider the specifics of each trade, it is accurate to state that 53% of the investors opened trades with bullish expectations and 38% with ...",NKE,0.163326,Somewhat-Bullish
20250211T224520,Nike  ( NKE )  Rises Higher Than Market: Key Facts,"Nike (NKE) concluded the recent trading session at $71.34, signifying a +0.56% move from its prior day's close.",NKE,0.160079,Somewhat-Bullish
20250213T021514,The Trade Desk  ( TTD )  Q4 2024 Earnings Call Transcript,"TTD earnings call for the period ending December 31, 2024.",NKE,0.069868,Neutral
20250213T092200,Meet the Glorious Growth Stock Billionaire Bill Ackman Is Buying Hand Over Fist,"Bill Ackman is the founder and CEO of Pershing Square, a hedge fund with around $12.9 billion in assets under management. That includes billions of dollars invested in popular stocks like Alphabet, Nike, and Chipotle Mexican Grill.On Friday, Feb. 7, Ackman took to social media platform X ( ...",NKE,0.06579,Neutral
20250213T130000,"2 Great Stocks to Buy Now for at Least 30% Upside: AMD, DECK",A handful of strong companies have been hit hard to start 2025 that investors might want to consider buying for long-term upside. The two stocks we look at today (Advanced Micro Devices and Deckers Brands) are trading 45% and 30% below their respective highs.,NKE,0.117566,Neutral
20250213T140020,"NIKE, Inc.  ( NKE )  Is a Trending Stock: Facts to Know Before Betting on It","Nike (NKE) has been one of the stocks most watched by Zacks.com users lately. So, it is worth exploring what lies ahead for the stock.",NKE,0.110256,Neutral
20250213T164500,Crocs Rocks Wall Street's Socks Off,Crocs soars after a blowout financial update.,NKE,0.0,Neutral
20250214T072700,"Zacks Investment Ideas feature highlights Advanced Micro, Nvidia, Deckers Brands and Nike","Advanced Micro, Nvidia, Deckers Brands and Nike have been highlighted in this Investment Ideas article.",NKE,0.108878,Neutral
20250215T092500,2 Unstoppable Growth Stocks to Buy and Hold for 20 Years,Every investor should focus on holding a diversified mix of promising growth stocks. Getting rich in the stock market is simply a matter of patiently holding shares of growing companies over many years. Here are two easy-to-understand companies you can buy today that can deliver massive returns ...,NKE,0.006003,Neutral
20250215T170042,"Bill Ackman's Pershing Square Adjusts Portfolio, Trims Chipotle and Boosts Nike - Hilton Worldwide Holdings  ( NYSE:HLT ) , Chipotle Mexican Grill  ( NYSE:CMG ) ","Over time, Pershing Square has been steadily decreasing its investment in Chipotle. 13F filing, also disclosed that Pershing Square trimmed its stake in Hilton Worldwide Holdings. Get access to your new suite of high-powered trading tools, including real-time stock ratings, insider trades, and ...",NKE,0.34133,Somewhat-Bullish
20250216T121500,"Is Nike a Buy, Sell, or Hold in 2025?","Long-time successful companies can hit roadblocks. It's tough to figure out whether it's a temporary setback or a more permanent situation. However, taking a step back to analyze the company's fundamentals can help you make that determination.It's particularly challenging when it's a consumer ...",NKE,0.181021,Somewhat-Bullish
20250216T160010,Inspiring possibilities: unleashing the potential of marketing at MarketingPulse,"[The content of this article has been produced by our advertising partner.] MarketingPulse and eTailingPulse 2025, Asia's premier marketing and e-commerce conference, takes place at the Hong Kong Convention and Exhibition Centre (HKCEC) on March 19. Organised by the Hong Kong Trade Development ...",NKE,0.130019,Neutral
20250216T173000,Prediction: 2 Stocks That Will Be Worth More Than SoundHound AI a Year From Now,"SoundHound AI ( NASDAQ: SOUN ) has been one of the big winners in the AI boom so far.Shares of the voice-activated AI specialist jumped by more than 800% last year, though it has cooled off a bit since. Investors have bet on the fast-growing company, which got its start as a music identification ...",NKE,0.116125,Neutral
20250218T125734,"Jim Simons' Renaissance Technologies Makes AI Moves: Sells Big Tech, Buys Chinese Stocks, Robinhood In Q4 - Alibaba Gr Hldgs  ( NYSE:BABA ) , Alphabet  ( NASDAQ:GOOGL ) ",Late investor Jim Simons' fund Renaissance Technologies LLC made some significant changes within its artificial intelligence bets during the fourth quarter of 2024. The 13F SEC filings reveal that Renaissance increased its stake in a few Asia-based AI companies during the quarter.,NKE,0.171419,Somewhat-Bullish
20250218T151137,Nike teams up with Kim Kardashian shapewear brand Skims as it looks to reach more women,Nike's decision to partner with Skims comes as it looks to claw back market share and return to growth under new CEO Elliott Hill.,NKE,0.324601,Somewhat-Bullish
20250218T165302,"Kim Kardashian's SKIMS Joins Forces With Nike For Fitness Fashion, Stock Gains - Nike  ( NYSE:NKE ) ","NikeSKIMS merges Nike's innovation with SKIMS' body inclusivity to create activewear for women athletes, debuting this spring. The partnership expands Nike's women's business, offering extended sizing and a global expansion in 2026.",NKE,0.530996,Bullish
20250218T232500,Why Nike Stock Raced Higher Today,"Nike ( NYSE: NKE ) has entered into a new business collaboration, and investors were glad to hear about it on Tuesday. They rewarded the athletic wear mainstay by pushing its share price up by more than 6% on the day, which compared quite favorably to the 0.2% bump of the S&P 500 ( SNPINDEX: ...",NKE,0.486908,Bullish
20250219T124005,Wolverine World Wide  ( WWW )  Q4 Earnings and Revenues Top Estimates,"Wolverine (WWW) delivered earnings and revenue surprises of 2.44% and 1.96%, respectively, for the quarter ended December 2024. Do the numbers hold clues to what lies ahead for the stock?",NKE,0.0,Neutral
20250219T130300,"Company News for Feb 19, 2025","Companies In The Article Are:NKE, CC, ...",NKE,0.308198,Somewhat-Bullish
20250219T161500,"Rule Breaker Investing Stock Stories, Vol. 10: Frosty Campfire, Fiery Stocks",Every stock tells a story. it takes humans to find the meaning in it.,NKE,0.028598,Neutral
20250219T171500,NIKE & SKIMS Collaborate to Revolutionize Activewear With NikeSKIMS,"NKE partners with SKIMS to launch NikeSKIMS, a game-changing brand blending performance and style to redefine the global fitness and activewear market.",NKE,0.142052,Neutral
20250219T225018,Nike  ( NKE )  Stock Slides as Market Rises: Facts to Know Before You Trade,"In the most recent trading session, Nike (NKE) closed at $76.78, indicating a -1.04% shift from the previous trading day.",NKE,0.307626,Somewhat-Bullish
20250220T092100,"Billionaire Bill Ackman Sold 40% of Pershing Square's Stake in Chipotle Mexican Grill and Is Piling Into a Beloved Consumer Brand That's Risen 67,200% Since Its IPO","One of Wall Street's most-famous activist investors continues to pare back his fund's core position in Chipotle, while rapidly building up his stake in a beaten-down retailer.",NKE,0.261598,Somewhat-Bullish
20250220T120505,Birkenstock  ( BIRK )  Beats Q1 Earnings and Revenue Estimates,"Birkenstock (BIRK) delivered earnings and revenue surprises of 18.75% and 4.18%, respectively, for the quarter ended December 2024. Do the numbers hold clues to what lies ahead for the stock?",NKE,0.0,Neutral
20250220T153000,Should Investors Buy Nike Instead of Lululemon?,"Nike's ( NYSE: NKE ) strategic fumble opened the door for competition. *Stock prices used were the afternoon prices of Feb. 16, 2025. The video was published on Feb. 18, 2025.Continue reading ...",NKE,-0.515688,Bearish
20250220T170815,Thor Equities Secures Green Loan for Refinancing of Logistics Assets in Madrid and Barcelona,"New York, NY, Feb. 20, 2025 ( GLOBE NEWSWIRE ) -- Thor Equities Group, a global leader in real estate development, leasing and management, is pleased to announce the successful refinancing of eight logistics assets in Madrid and Barcelona through a €22.5 million green loan with ING, an entity ...",NKE,0.133068,Neutral
20250221T043011,RingCentral  ( RNG )  Q4 2024 Earnings Call Transcript,"RNG earnings call for the period ending December 31, 2024.",NKE,0.003921,Neutral
20250221T123000,Nike Looks Like It's About to Disappear From Bill Ackman's Portfolio. But the Billionaire Investor Is Really Doubling Down.,"In the middle of 2024, Bill Ackman's fund, Pershing Square Capital Management, took a new stake in the iconic footwear and apparel brand Nike ( NYSE: NKE ) . While the brand carries tremendous recognition globally, the stock is down over 31% in the last year.",NKE,0.199281,Somewhat-Bullish
20250221T224510,Nike  ( NKE )  Stock Moves -0.95%: What You Should Know,"In the closing of the recent trading day, Nike (NKE) stood at $76.50, denoting a -0.95% change from the preceding trading day.",NKE,0.145394,Neutral
20250222T120000,Nike's Financial Strength: What Moneyball Data Reveals,Moneyball analysis shows why Nike's financial metrics and valuation look compelling for investors.,NKE,0.433737,Bullish
20250222T235600,Billionaire Investor Bill Ackman Continues to Buy This Stock While It's Down Over 50%. Should You Buy Before It Roars Back?,An iconic brand gone stale has begun showing signs of life.,NKE,0.120346,Neutral
20250223T103500,1 Growth Stock Down 40%: Should You Pile Into This Well-Known Consumer Brand?,"After terrific performances in 2023 and 2024, the major market indexes are near record territory so far this year. Investors looking to put money to work in this type of bullish market environment might be discouraged by the fact that there might not be too many compelling buying ...",NKE,0.141221,Neutral
20250224T161512,$100 Invested In This Stock 20 Years Ago Would Be Worth This Much Today - Nike  ( NYSE:NKE ) ,"Nike NKE has outperformed the market over the past 20 years by 2.2% on an annualized basis producing an average annual return of 10.51%. Currently, Nike has a market capitalization of $119.03 billion.",NKE,0.384695,Bullish
20250224T175931,"This Alibaba Analyst Turns Bullish; Here Are Top 5 Upgrades For Monday - Alibaba Gr Hldgs  ( NYSE:BABA ) , Bath & Body Works  ( NYSE:BBWI ) ","Top Wall Street analysts changed their outlook on these top names. For a complete view of all analyst rating changes, including upgrades, downgrades and initiations, please see our analyst ratings page. Jefferies analyst Randal Konik upgraded the rating for NIKE, Inc.",NKE,0.326291,Somewhat-Bullish
20250224T180645,Why Nike Stock Jumped Higher Today,"Shares of the world's most popular athleticwear brand, Nike ( NYSE: NKE ) , were up 5% as of noon ET Monday, according to data provided by S&P Global Market Intelligence.The increase is due to investment firm Jeffries raising its price target on the company to $115 per share, a 46% increase from ...",NKE,0.506276,Bullish
20250224T183802,"Nike To Rally Over 50%? Here Are 10 Top Analyst Forecasts For Monday - Conagra Brands  ( NYSE:CAG ) , Floor & Decor Hldgs  ( NYSE:FND ) ","Top Wall Street analysts changed their outlook on these top names. For a complete view of all analyst rating changes, including upgrades and downgrades, please see our analyst ratings page. Mizuho cut Intra-Cellular Therapies, Inc. ITCI price target from $140 to $132.",NKE,0.168503,Somewhat-Bullish
20250224T225400,Markets Mostly Dip Red Late in Regular Trading,"After the closing bell, Zoom shares are -4% and HIMS are trading -17% lower on Q4 earnings results.",NKE,-0.043666,Neutral
20250225T084029,Nike Shares Set For A Turnaround? Top Analyst Calls For 'Aggressive Buy' Amid New CEO's Turnaround Plan - Nike  ( NYSE:NKE ) ,"The CEO of Nike Inc. NKE, Elliott Hill, has earned the confidence of Jeffries analyst Randal Konik, who is optimistic about Hill's strategic plans for the company.",NKE,0.36412,Bullish
20250225T122502,Carter's  ( CRI )  Q4 Earnings and Revenues Beat Estimates,"Carter's (CRI) delivered earnings and revenue surprises of 38.95% and 3.77%, respectively, for the quarter ended December 2024. Do the numbers hold clues to what lies ahead for the stock?",NKE,0.0,Neutral
20250225T132100,1 Wall Street Analyst Thinks Nike Stock Is Going to $115. Is It a Buy Around $77?,"There are bulls and there are bulls behind certain high-profile stocks on the exchange. As February began to melt into March, one analyst became suddenly, and extremely, positive about Nike's ( NYSE: NKE ) future, to the point where he flagged the stock as having 50% upside potential.",NKE,0.390244,Bullish
20250225T174536,Nike Options Trading: A Deep Dive into Market Sentiment - Nike  ( NYSE:NKE ) ,"Deep-pocketed investors have adopted a bullish approach towards Nike NKE, and it's something market players shouldn't ignore. Our tracking of public options records at Benzinga unveiled this significant move today.",NKE,0.181414,Somewhat-Bullish
20250226T130000,Venus Williams Invests in WeWard App to Promote a Healthier World Through Walking,"Tennis champion and entrepreneur Venus Williams joins walking app WeWard as an investor and ambassador. NEW YORK, Feb. 26, 2025 /PRNewswire/ -- WeWard, the free walking app that rewards 20M users for every step, today announced that tennis champion and entrepreneur Venus Williams has joined the ...",NKE,0.204486,Somewhat-Bullish
20250226T130504,Steven Madden  ( SHOO )  Beats Q4 Earnings and Revenue Estimates,"Steven Madden (SHOO) delivered earnings and revenue surprises of 1.85% and 6.15%, respectively, for the quarter ended December 2024. Do the numbers hold clues to what lies ahead for the stock?",NKE,0.0,Neutral
20250227T130500,Could Buying Nike Stock Today Set You Up for Life?,"Nike ( NYSE: NKE ) is undoubtedly one of the most widely recognized brands in the world. Unfortunately, that positioning doesn't guarantee consistent financial success. The company's revenue and net income continue to decline on a year-over-year basis.As of this writing ( Feb. 21 ) , Nike trades ...",NKE,0.279006,Somewhat-Bullish
20250227T164900,1 Growth Stock Down 37% to Buy Right Now,"This scorned market darling has started a comeback, but has a lot of shareholder-friendly growth left to do.",NKE,0.259081,Somewhat-Bullish
20250227T175100,The Show Miami - Is Landing In Middle of March!,"MIAMI, Feb. 27, 2025 /PRNewswire/ -- Miami's first social fashion fair, The Show Miami, will debut on March 17-19, 2025, at the Miami Beach Convention Center, and the lineup of brands is unparalleled.",NKE,-0.036026,Neutral
20250227T224514,Nike  ( NKE )  Stock Moves -1.42%: What You Should Know,"In the latest trading session, Nike (NKE) closed at $80.02, marking a -1.42% move from the previous day.",NKE,0.267002,Somewhat-Bullish
20250301T091700,2 Growth Stocks Down Over 25% to Buy Before They Soar,"Holding shares of growing companies over many years can lead to tremendous gains. And when you can buy shares of top growth stocks at lower prices, you get more value for your shares relative to the company's earnings, which can boost your returns over time.",NKE,0.149815,Neutral
20250303T171006,Will Nike  ( NKE )  Beat Estimates Again in Its Next Earnings Report?,Nike (NKE) has an impressive earnings surprise history and currently possesses the right combination of the two key ingredients for a likely beat in its next quarterly report.,NKE,0.410087,Bullish
20250304T132200,"Tamika Dudley, Two-Time National Championship Winning Coach, Named Academy Head Coach and Director of Girls Basketball at The St. James","The USA Today and Naismith National Coach of the Year, Washington Post All-Met Coach of the Year to Lead All of Girls Basketball at The St. James",NKE,0.132478,Neutral
20250304T140002,UConn star Paige Bueckers touts financial literary as NIL boosts women's sports,"Bueckers has signed more than 25 deals with companies such as Gatorade, Chegg, Bose, Verizon, Madison Reed and StockX.",NKE,0.0,Neutral
20250304T160115,Nike's Options Frenzy: What You Need to Know - Nike  ( NYSE:NKE ) ,"Investors with a lot of money to spend have taken a bullish stance on Nike NKE. We noticed this today when the trades showed up on publicly available options history that we track here at Benzinga. Whether these are institutions or just wealthy individuals, we don't know.",NKE,0.267373,Somewhat-Bullish
20250304T200000,Will American Outdoor Shares Beat Q3 Earnings Estimates?,AOUT's third-quarter fiscal 2025 top line is likely to have been aided by its strong focus on product innovation and expanding distribution.,NKE,0.216808,Somewhat-Bullish
20250305T081049,Adidas' fourth-quarter sales top expectations as final Yeezy stock sold off,"Adidas on Wednesday reported an uptick in fourth-quarter sales that exceeded expectations, as the retailer sold off its last remaining Yeezy stock.",NKE,0.038861,Neutral
20250305T114829,Foot Locker results show the sneaker industry - and Nike - still have more pain ahead,"Foot Locker is expecting profits to be under pressure in fiscal 2025, indicating steep discounts are still present across the industry, especially at Nike.",NKE,0.006108,Neutral
20250305T133000,"Giftify, Inc. Launches Sports Ticket & Merchandise Savings Platform as Fan Expenses Surge",CardCash Platform Provides Cost-Reduction Strategy for High-Demand Sports Tickets and Merchandise Ahead of 2025 Major League Baseball ( MLB ) Season ...,NKE,0.071492,Neutral
20250305T133508,"Patriotism Boosts Chinese Stocks, But Are Gains Sustainable?","The nationalistic forces that boosted 'Ne Zha 2' and DeepSeek have also lifted Chinese stocks. But are the gains sustainable after the excitement fades? The animated film ""Ne Zha 2"" achieved a blowout success during the Lunar New Year holiday, sending China's box office soaring to record new ...",NKE,0.020332,Neutral
20250305T140018,"NIKE, Inc.  ( NKE )  is Attracting Investor Attention: Here is What You Should Know","Nike (NKE) has received quite a bit of attention from Zacks.com users lately. Therefore, it is wise to be aware of the facts that can impact the stock's prospects.",NKE,0.134078,Neutral
20250305T224520,Nike  ( NKE )  Gains But Lags Market: What You Should Know,"Nike (NKE) closed at $77.81 in the latest trading session, marking a +0.63% move from the prior day.",NKE,0.234528,Somewhat-Bullish
20250306T013700,Indigenous Leaders and Celebrities Unite at RES 2025 to Advance Energy Sovereignty,"LAS VEGAS, March 5, 2025 /PRNewswire/ -- In a time of uncertainty, Indigenous leaders, entrepreneurs, and changemakers will gather at Caesars Palace on March 10, 2025, for ""Indigenized Energy Unites"", an exclusive event at the 2025 Reservation Economic Summit ( RES ) .",NKE,0.291056,Somewhat-Bullish
20250306T150000,"VAI Resort: A Groundbreaking New Entertainment Destination, Powered by TAIT Engineering","GLENDALE, Ariz., March 6, 2025 /PRNewswire/ -- A groundbreaking entertainment destination is set to debut in late 2025. The journey to VAI Resort's highly anticipated opening night is already underway, with TAIT engineers actively transforming the vision into reality at the Glendale, AZ resort ...",NKE,0.176014,Somewhat-Bullish
20250306T154100,1 Exceptional Growth Stock to Buy Right Now,"President Trump's new economic policies are spooking the markets, and the S&P 500 index has been trending downward after starting the year with a bang. The new tariff program could have a substantial impact on many public companies, both U.S. companies that import supplies as well as foreign ...",NKE,0.157526,Somewhat-Bullish
20250306T172833,"Foot Locker's Non-Nike Sales Hit 40%, Analysts Note Strong Shift - Foot Locker  ( NYSE:FL ) ","Foot Locker reported healthy Q4 results but announced disappointing guidance. The company is witnessing a softer sales trend so far this quarter. Every week, our Whisper Index uncovers five overlooked stocks with big breakout potential. Get the latest picks today before they gain traction.",NKE,0.074851,Neutral
20250309T020013,"Gucci, Prada close more China outlets as luxury spending shrinks",Store closures are also hurting mall owners and undermining projections for an end to the multi-year property market slump.,NKE,-0.010007,Neutral
20250309T080500,Billionaires Are Piling Into These Top Stocks. Should You Buy Them?,"Following the stock picks of billionaire investors can be a great source of profitable investment ideas. These investors are interested in preserving and growing wealth, so they don't make an investment unless they see relatively low downside risk and a favorable probability of being right.But ...",NKE,0.25484,Somewhat-Bullish
20250310T124500,A Once-in-a-Decade Opportunity: 1 Brilliant Stock to Buy Right Now After a 68% Drop,"Yeti ( NYSE: YETI ) and its up-and-coming lifestyle brand have had a wild existence on the publicly traded markets.Going public at $18 per share, Yeti skyrocketed to over $100 within three years. Since then, however, the stock has tumbled roughly 68% as a significant product recall, a slowdown in ...",NKE,0.090232,Neutral
20250310T184536,What the Options Market Tells Us About Dick's Sporting Goods - Dick's Sporting Goods  ( NYSE:DKS ) ,"Whales with a lot of money to spend have taken a noticeably bearish stance on Dick's Sporting Goods. Looking at options history for Dick's Sporting Goods DKS we detected 24 trades. If we consider the specifics of each trade, it is accurate to state that 37% of the investors opened trades with ...",NKE,0.0,Neutral
20250310T185500,2025 March Market Cap Showdown: Andy Cross vs. Matt Argersinger,"It's time for another Market Cap Game Show. To catch full episodes of all The Motley Fool's free podcasts, check out our podcast center. To get started investing, check out our beginner's guide to investing in stocks.",NKE,0.005374,Neutral
20250311T100001,Ad spending on women's sports more than doubled last year,"Ads during women's sports programs were 40% more impactful than the average primetime advertisement, according to EDO.",NKE,0.122018,Neutral
20250311T123037,Dick's Sporting Goods Revenue Jumps 5%,"Dick's Sporting Goods reported a robust Q4 2024, surpassing earnings and revenue estimates, but its 2025 guidance was underwhelming.",NKE,0.249479,Somewhat-Bullish
20250312T152300,NIKE Faces Headwinds Pre-Q3 Earnings: Smart Buy or a Risky Bet?,NKE's Q3 results are likely to reflect long-term potential amid short-term hurdles. Investors must weigh future gains against current risks.,NKE,0.161583,Somewhat-Bullish
20250312T174655,Nike Unusual Options Activity For March 12 - Nike  ( NYSE:NKE ) ,"Deep-pocketed investors have adopted a bearish approach towards Nike NKE, and it's something market players shouldn't ignore. Our tracking of public options records at Benzinga unveiled this significant move today.",NKE,0.187243,Somewhat-Bullish
20250312T215015,Nike  ( NKE )  Stock Falls Amid Market Uptick: What Investors Need to Know,"In the latest trading session, Nike (NKE) closed at $73.58, marking a -0.8% move from the previous day.",NKE,0.158941,Somewhat-Bullish
20250313T130000,"Film Director John Waters to Receive Mendez Maryland International Film Festival-Hagerstown Award on Thursday March 20, 2025","HAGERSTOWN, Md., March 13, 2025 /PRNewswire/ -- Well known ground-breaking film director John Waters will be receiving the prestigious Mendez Award at the opening night of the Maryland International Film Festival-Hagerstown, on Thursday March 20th.",NKE,0.027591,Neutral
20250313T140008,Earnings Preview: Nike  ( NKE )  Q3 Earnings Expected to Decline,Nike (NKE) doesn't possess the right combination of the two key ingredients for a likely earnings beat in its upcoming report. Get prepared with the key expectations.,NKE,-0.017921,Neutral
20250313T214515,Nike  ( NKE )  Registers a Bigger Fall Than the Market: Important Facts to Note,"Nike (NKE) reachead $72.71 at the closing of the latest trading day, reflecting a -1.19% change compared to its last close.",NKE,0.187951,Somewhat-Bullish
20250314T142014,"Bill Ackman Sells Portion Of Universal Music Stake: 'One Of The Best Businesses We Have Ever Owned' - Howard Hughes Holdings  ( NYSE:HHH ) , PERSHING SQ HLD LTD REG S by Pershing Square Holdings Ltd.  ( OTC:PSHZF ) ",Bill Ackman announced the sale of part of his stake in Universal Music Group. The sale could be a precursor to getting Universal Music listed on a major U.S. exchange. The new Benzinga Rankings show you exactly how stocks stack up-scoring them across five key factors that matter most to ...,NKE,0.0,Neutral
20250314T201549,Nike Unusual Options Activity For March 14 - Nike  ( NYSE:NKE ) ,"Whales with a lot of money to spend have taken a noticeably bearish stance on Nike. Looking at options history for Nike NKE we detected 53 trades. If we consider the specifics of each trade, it is accurate to state that 41% of the investors opened trades with bullish expectations and 47% with ...",NKE,0.129231,Neutral
20250314T230100,Looking Ahead to the Q1 Earnings Season,The Q1 reporting cycle will really get going when the big banks come out with their March-quarter results on April 11th. What should investors know heading into the period?,NKE,0.115905,Neutral
20250314T230418,"Cramer's week ahead: Fed meeting and earnings from FedEx, Micron and General Mills",CNBC's Jim Cramer walked investors through next week on Wall Street.,NKE,0.150853,Somewhat-Bullish
20250315T120000,3 Stocks on Sale in the Nasdaq Correction,"The stock market recently dipped into correction territory, which is defined as a decline of 10% to 20% from its recent peak. At the time of this writing, the Nasdaq Composite is down 9% year-to-date.It's never fun to see the value of your investments suddenly fall, but it's always worth ...",NKE,0.044665,Neutral
20250317T084500,"Nike, FedEx, Costco, Oracle and Adobe are part of Zacks Earnings Preview","Chicago, IL - March 17, 2025 - Zacks.com releases the list of companies likely to issue earnings surprises. This week's list includes Nike ( NKE Quick QuoteNKE - ) , FedEx ( FDX Quick QuoteFDX - ) , Costco ( COST Quick QuoteCOST - ) , Oracle ( ORCL Quick QuoteORCL - ) and Adobe ( ADBE Quick ...",NKE,0.114998,Neutral
20250317T131506,Unlocking Q3 Potential of Nike  ( NKE ) : Exploring Wall Street Estimates for Key Metrics,"Beyond analysts' top -and-bottom-line estimates for Nike (NKE), evaluate projections for some of its key metrics to gain a better insight into how the business might have performed for the quarter ended February 2025.",NKE,0.073232,Neutral
20250317T161800,Sustainable Style: How AI Is Reducing Waste In The Fashion World,"The fashion industry, renowned for its creative flair, is also a major contributor to environmental damage. The statistics are truly alarming. The industry accounts for 10% of global carbon emissions, surpassing the environmental toll of all international flights and maritime shipping combined.",NKE,0.205032,Somewhat-Bullish
20250317T163700,3 Reasons to Buy Roblox and 3 Reasons to Run Away,The metaverse gaming company is still a polarizing stock.,NKE,0.206935,Somewhat-Bullish
20250317T164424,More Tariffs Ahead: This Week's Market Forecast,"All eyes are on the Federal Reserve next week as it prepares to announce its second interest rate decision of the year. Markets widely expect the Fed to hold rates steady, but investors will closely analyze the updated dot plot and Chairman Jerome Powell's press conference for insights into ...",NKE,-0.053644,Neutral
20250317T174019,"AppLovin Taps Into Retail Ad Market, But Growth Hinges On Big-Brand Adoption: Analyst - AppLovin  ( NASDAQ:APP ) ","APP works with 297 ecommerce sites, indicating strong sector penetration. Needham tracks 60 major brands that could elevate APP's ad revenue. Join Nic Chahine live on Wednesday, March 19, at 6 PM ET for a step-by-step breakdown of how to to capitalize on post-Fed volatility and manage risk in ...",NKE,0.109259,Neutral
20250317T174338,"Tesla To $430? Here Are 10 Top Analyst Forecasts For Monday - Crown Castle  ( NYSE:CCI ) , Bumble  ( NASDAQ:BMBL ) ","Top Wall Street analysts changed their outlook on these top names. For a complete view of all analyst rating changes, including upgrades and downgrades, please see our analyst ratings page. Goldman Sachs cut Bumble Inc. BMBL price target from $10 to $8.",NKE,0.016109,Neutral
20250318T161542,Unpacking the Latest Options Trading Trends in Nike - Nike  ( NYSE:NKE ) ,"Financial giants have made a conspicuous bullish move on Nike. Our analysis of options history for Nike NKE revealed 22 unusual trades. Delving into the details, we found 63% of traders were bullish, while 18% showed bearish tendencies.",NKE,0.127518,Neutral
20250318T171557,"Amazon AI scammers duped investors out of millions with 'passive income' scheme, FTC alleges","The company promised better returns than the stock market, with a co-founder appearing in TikTok videos with wads of cash alongside an image of Warren Buffett.",NKE,0.159887,Somewhat-Bullish
20250319T125003,How to Boost Your Portfolio with Top Consumer Discretionary Stocks Set to Beat Earnings,The Zacks Earnings ESP is a great way to find potential earnings surprises. Why investors should take advantage now.,NKE,0.325532,Somewhat-Bullish
20250319T133655,"This Robinhood Analyst Begins Coverage On A Bullish Note; Here Are Top 3 Initiations For Wednesday - Etsy  ( NASDAQ:ETSY ) , Robinhood Markets  ( NASDAQ:HOOD ) ","Top Wall Street analysts changed their outlook on these top names. For a complete view of all analyst rating changes, including upgrades, downgrades and initiations, please see our analyst ratings page. China Renaissance analyst Cindy Wang initiated coverage on NIKE, Inc. NKE with a Hold rating.",NKE,0.412597,Bullish
20250319T151030,"Nike's Product Innovation Is The Most Important Catalyst For The Stock, Analyst Says - Nike  ( NYSE:NKE ) ","Analyst projects Nike's Q3 EPS at $0.22. Margin pressure expected in Q4 due to inventory actions. Join Nic Chahine live on Wednesday, March 19, at 6 PM ET for a step-by-step breakdown of how to to capitalize on post-Fed volatility and manage risk in this fast-moving market.",NKE,0.214367,Somewhat-Bullish
20250319T171309,"Nike Q3 Earnings Preview: Analyst Says New CEO Can 'Right The Ship,' But It Could Take Longer Than Expected - Nike  ( NYSE:NKE ) ","Nike reports third-quarter financial results after the bell on Thursday March 20, 2025. Analysts show a bullish near-term outlook, but questions on how long a brand turnaround will take remain. Next: Get access to a new market-moving chart every day featuring a stock flashing clear technical ...",NKE,0.038296,Neutral
20250319T183700,Should Investors Buy Nike Stock as its Q3 Earnings Approach?,"Investors will get a glimpse at how the consumer discretionary sector is fairing with Nike (NKE) set to release results for its fiscal third quarter after-market hours on Thursday, March 20.",NKE,0.37297,Bullish
20250320T014400,"MSTR, NKE, SHOP, BA, TSLA: Top 5 Trending Stocks Today - Boeing  ( NYSE:BA ) ",U.S. stocks closed higher as the S&P 500 and Nasdaq responded to the Federal Reserve's decision to keep interest rates at 4.25%-4.50%. The move comes amid downward revisions to 2025 growth projections and rising inflation expectations. The Fed's statement pointed to increased economic uncertainty ...,NKE,0.010529,Neutral
20250320T130000,"Jaw Dropping AV Sports Entertainment for Newly Opened Charlotte, NC Sports Lounge","AURORA, Ill., March 20, 2025 /PRNewswire/ -- Global AV technology pioneer Peerless-AV®, in partnership with experiential design experts DCBolt Productions, is honored to be involved in the unveiling of the new Blinders Sports Lounge in Charlotte, North Carolina.",NKE,0.204784,Somewhat-Bullish
20250320T145239,Nike Earnings Are Imminent; These Most Accurate Analysts Revise Forecasts Ahead Of Earnings Call - Nike  ( NYSE:NKE ) ,"NIKE, Inc. NKE will release its third-quarter financial results after the closing bell on Thursday, March 20. Analysts expect the Beaverton, Oregon-based company to report quarterly earnings at 29 cents per share, down from 77 cents per share in the year-ago period.",NKE,0.180179,Somewhat-Bullish
20250320T160001,Nike will report earnings after the bell. Here's what Wall Street expects,Nike is trying to execute a turnaround under new CEO Elliott Hill.,NKE,0.275599,Somewhat-Bullish
20250320T170017,Lands' End  ( LE )  Q4 2024 Earnings Call Transcript,"LE earnings call for the period ending December 31, 2024.",NKE,0.224586,Somewhat-Bullish
20250320T183015,Designer Brands  ( DBI )  Q4 2024 Earnings Call Transcript,"DBI earnings call for the period ending December 31, 2024.",NKE,0.134626,Neutral
20250320T190135,Dick's Sporting Goods's Options: A Look at What the Big Money is Thinking - Dick's Sporting Goods  ( NYSE:DKS ) ,"Investors with a lot of money to spend have taken a bullish stance on Dick's Sporting Goods DKS. We noticed this today when the trades showed up on publicly available options history that we track here at Benzinga. Whether these are institutions or just wealthy individuals, we don't know.",NKE,0.0,Neutral
20250320T204252,"Nike Q3 Earnings: Revenue Beat, EPS Beat, Inventories Down 2% - 'We Are On The Right Path' - Nike  ( NYSE:NKE ) ","Nike reports third-quarter revenue of $11.27 billion, beating analyst estimates of $11.01 billion. Nike reports third-quarter earnings of 54 cents per share, beating analyst estimates of 28 cents per share. Feel unsure about the market's next move?",NKE,0.174764,Somewhat-Bullish
20250320T210325,"Nike Q3 EPS Outperforms, Revenue Down 9%","Nike posted a strong EPS beat, despite a year-over-year drop in revenue.",NKE,0.603652,Bullish
20250320T213003,Nike  ( NKE )  Q3 Earnings and Revenues Surpass Estimates,"Nike (NKE) delivered earnings and revenue surprises of 92.86% and 2.13%, respectively, for the quarter ended February 2025. Do the numbers hold clues to what lies ahead for the stock?",NKE,0.070933,Neutral
20250320T214511,Academy Sports And Outdoors  ( ASO )  Q4 2024 Earnings Call Transcript,"ASO earnings call for the period ending December 31, 2024.",NKE,0.085239,Neutral
20250320T224125,"Purchasers of Nike-themed non-fungible tokens  ( ""NFTs"" ) , crypto collectibles, or other crypto assets  ( ""The Nike NFTs"" )  issued by RTFKT, Inc.: Company Investigated by the Portnoy Law Firm",Investors can contact the law firm at no cost to learn more about recovering their losses,NKE,-0.191202,Somewhat-Bearish
20250321T002400,"RTFKT, Inc. Announcement: If You Have Suffered Losses in Nike NFTs Issued by RTFKT, Inc., You Are Encouraged to Contact The Rosen Law Firm About Your Rights","NEW YORK, March 20, 2025 ( GLOBE NEWSWIRE ) -- WHY: Rosen Law Firm, a global investor rights law firm, announces an investigation of potential state and federal law claims on behalf of purchasers of Nike-themed non-fungible tokens ( ""NFTs"" ) , crypto collectibles, or other crypto assets ( ...",NKE,0.082557,Neutral
20250321T020013,Nike  ( NKE )  Q3 2025 Earnings Call Transcript,"NKE earnings call for the period ending December 31, 2024.",NKE,0.195968,Somewhat-Bullish
20250321T022345,"NKE, QUBT, FDX, QBTS, TSLA: Top 5 Trending Stocks Today - Nike  ( NYSE:NKE ) , FedEx  ( NYSE:FDX ) ","U.S. stocks closed lower on Thursday, with the Dow Jones finishing nearly unchanged at 41,953.32. The NASDAQ slipped 0.3% to 17,691.63, while the S&P 500 declined 0.2% to end at 5,662.89. These are the top stocks that gained the attention of retail traders and investors throughout the day:",NKE,-0.028978,Neutral
20250321T064536,"Bill Ackman-Backed Nike Reports Worst Footwear Revenue In More Than A Decade, Takes Action To Continue 'Liquidating Inventory' Amid Grim Outlook - Nike  ( NYSE:NKE ) , SPDR S&P 500  ( ARCA:SPY ) ",Nike Inc. NKE reported its worst footwear revenue in over a decade as the company transitions under its new CEO. The athletic footwear and apparel company beat its third-quarter earnings and revenue expectations while issuing a disappointing outlook for the fourth quarter.,NKE,0.150451,Somewhat-Bullish
20250321T082448,"FedEx, Nike And 3 Stocks To Watch Heading Into Friday - FedEx  ( NYSE:FDX ) , Carnival  ( NYSE:CCL ) ","With U.S. stock futures trading lower this morning on Friday, some of the stocks that may grab investor focus today are as follows: Wall Street expects NIO Inc. NIO to report a quarterly loss at 42 cents per share on revenue of $2.85 billion before the opening bell, according to data from ...",NKE,0.011692,Neutral
20250321T094839,"US Stocks Likely To Open Lower, But 'Economic Conditions Don't Signal A Downturn,' Say Analysts As They Expect 'Resilient Earnings' To Lift Equities - Allurion Technologies  ( NYSE:ALUR ) , Accenture  ( NYSE:ACN ) ",U.S. stock futures declined on Friday after tumbling in trade on Thursday. Futures of all four benchmark indices were lower in premarket trading.,NKE,-0.442145,Bearish
20250321T102107,"Why Ouster Shares Are Trading Higher By Around 8%; Here Are 20 Stocks Moving Premarket - AuthID  ( NASDAQ:AUID ) , Allurion Technologies  ( NYSE:ALUR ) ","Shares of Ouster, Inc. OUST rose sharply in today's pre-market trading after the company reported better-than-expected fourth-quarter financial results. Ouster reported quarterly losses of 48 cents per share which beat the analyst consensus estimate of 59 cents per share.",NKE,-0.064857,Neutral
20250321T122225,"Micron Technology, Nike, FedEx And Other Big Stocks Moving Lower In Friday's Pre-Market Session - Benitec Biopharma  ( NASDAQ:BNTC ) , FedEx  ( NYSE:FDX ) ","U.S. stock futures were lower this morning, with the Dow futures falling around 100 points on Friday. Shares of Micron Technology, Inc. MU fell sharply in today's pre-market trading following second-quarter results. Micron reported second-quarter revenue of $8.05 billion, beating the consensus ...",NKE,-0.079777,Neutral
20250321T130203,Jim Cramer's top 10 things to watch in the stock market Friday,"Wall Street was heading for a lower open, with the Nasdaq down for the week and the S&P 500 on the bubble.",NKE,-0.096414,Neutral
20250321T133153,"Tesla To $410? Here Are 10 Top Analyst Forecasts For Friday - Academy Sports  ( NASDAQ:ASO ) , Arthur J. Gallagher  ( NYSE:AJG ) ","Top Wall Street analysts changed their outlook on these top names. For a complete view of all analyst rating changes, including upgrades and downgrades, please see our analyst ratings page. Wells Fargo raised Arthur J. Gallagher & Co. AJG price target from $341 to $370.",NKE,0.186879,Somewhat-Bullish
20250321T134847,These Analysts Cut Their Forecasts On Nike Following Q3 Results - Nike  ( NYSE:NKE ) ,"Nike Inc NKE reported better-than-expected financial results for the third quarter of fiscal 2025 on Thursday. Nike reported third-quarter revenue of $11.27 billion, beating analyst estimates of $11.01 billion.",NKE,0.298622,Somewhat-Bullish
20250321T141400,"Dow Tumbles Over 400 Points; Nike Shares Dip After Q3 Results - Damon  ( NASDAQ:DMN ) , Allurion Technologies  ( NYSE:ALUR ) ","U.S. stocks traded lower this morning, with the Dow Jones index falling more than 400 points on Friday. Following the market opening Friday, the Dow traded down 1.05% to 41,513.90 while the NASDAQ dipped 0.78% to 17,554.07. The S&P 500 also fell, dropping, 0.86% to 5,613.96.",NKE,-0.060475,Neutral
20250321T141427,"Ethereum Trails Bitcoin Amid Inflation Concerns, Dencun Fallout, And Solana Hype; Trump Revives 1950s Law To Boost Domestic Minerals; J&J Commits $55B To US Manufacturing, Drug Discovery, And Innovation - Top Headlines While The U.S. Slept","Buying Bitcoin Now? 'The Single Best Time In History,' Bitwise's Matt Hougan Says Tether Is Now 'Too Big To Fail,' Says Anthony Pompliano: Here's Why Why Ethereum Is Lagging Bitcoin-Analysts Cite Inflationary Problems, Dencun Upgrade Blowback, And Solana's Meme Coins",NKE,-0.154133,Somewhat-Bearish
20250321T151544,"FedEx Posts 2Q Miss, With Continued Cost Inflation: Here's What To Watch Next - FedEx  ( NYSE:FDX ) ","FedEx reported 3Q EPS of $4.51, missing consensus of $4.56. The company reduced its FY25 adjusted EPS guidance to $18.00-$18.60, with softer revenues and continued cost inflation. Pelosi's latest AI pick skyrocketed 169% in just one month.",NKE,0.149029,Neutral
20250321T160723,Nike Stock Hits 52-Week Low As Analyst Warns Bullish Turnaround 'Will Take Time' - Nike  ( NYSE:NKE ) ,Nike stock hit new 52-week lows on Friday after the company reported quarterly financial results. Analysts break down the company's recovery and turnaround efforts. Pelosi's latest AI pick skyrocketed 169% in just one month.,NKE,0.179013,Somewhat-Bullish
20250321T163154,Why Nike Stock Got Tripped Up Today,"Shares of Nike ( NYSE: NKE ) fell Friday morning after the sportswear giant delivered another disappointing set of results in its fiscal 2025 third-quarter earnings report Thursday afternoon. Revenue declined, and the company warned that tariffs could slow its recovery, adding to investors' ...",NKE,-0.330115,Somewhat-Bearish
20250321T164100,"NIKE Q3 Earnings Beat Estimates, Digital Revenues Down 15% Y/Y",NKE posts better-than-expected results in third-quarter fiscal 2025. Revenues at NIKE Direct were down 12% on a reported basis.,NKE,0.0,Neutral
20250321T174118,"Academy Sports' Growth Potential Uncertain Amid Macroeconomic Challeneges: Analyst Explains Why - Academy Sports  ( NASDAQ:ASO ) , Dick's Sporting Goods  ( NYSE:DKS ) ","Academy Sports beats Q4 earnings estimates but misses sales expectations, with a 6.6% YoY decline in revenue. Analyst raises price target to $54, but remains neutral due to macroeconomic challenges and uncertainty in growth potential. Pelosi's latest AI pick skyrocketed 169% in just one month.",NKE,0.091749,Neutral
20250321T231800,Making Sense of Early Q1 Earnings Reports,"We have been seeing some of the early Q1 results in recent days, which have been mixed at best. Soon, the big banks will shift the period into a much higher gear.",NKE,0.03733,Neutral
20250322T150000,Will Nike Investors' Frustrations End Anytime Soon?,"If you're a Nike ( NYSE: NKE ) investor, it wouldn't be surprising if you had a growing sense of frustration owning the stock. After all, it's well off the highs of over $170 a share it hit back in November 2021, and down more than 30% over the past year.",NKE,-0.01387,Neutral
20250323T081500,2 S&P 500 Stocks to Buy on Sale Right Now,"It's not fun to see the value of your investments suddenly dive, but the truth is the stock market was due for a correction after two strong years of returns. At its recent peak, the S&P 500 ( SNPINDEX: ^GSPC ) traded at a price-to-earnings ( P/E ) multiple of 30, which is well above its 16 ...",NKE,0.076572,Neutral
20250323T160600,Buying the Dip in Nike's Stock Could Be a Mistake,"Nike beat expectations, but continued revenue declines and strategic uncertainty make the stock hard to trust right now.",NKE,-0.150024,Somewhat-Bearish
20250323T231509,"Chinese can't get enough of Laopu Gold, country's 'Hermès of gold'","Its sales soaring despite upping prices, Laopu Gold finds a ready market in China for its contemporary designs. Can it do the same overseas?",NKE,0.018038,Neutral
20250324T072200,"Nike, FedEx, Lululemon and Paychex are part of Zacks Earnings Preview","Nike, FedEx, Lululemon and Paychex have been highlighted in this Earnings Preview article.",NKE,0.027346,Neutral
20250324T073537,"S&P 500 Ends 4-Week Losing Streak: Investor Fear Eases Slightly, But Greed Index Remains In 'Extreme Fear' Zone - FedEx  ( NYSE:FDX ) , Enerpac Tool Group  ( NYSE:EPAC ) ","The CNN Money Fear and Greed index showed some improvement in the overall market sentiment, while the index remained in the ""Extreme Fear"" zone on Friday. U.S. stocks settled higher on Friday, with the S&P 500 recording slight gains during the session.",NKE,-0.031749,Neutral
20250324T102917,"India, China Markets Gain In Asia, Europe Mixed; Dollar Eases - Global Markets Today While US Slept - SmartETFs Asia Pacific Dividend Builder ETF  ( ARCA:ADIV ) ","Crude Oil WTI was trading higher by 0.57% at $68.67/bbl, and Brent was up 0.50% at $71.97/bbl. Dow futures were up 0.73%, S&P 500 futures gained 0.96%, and Nasdaq 100 futures rose 1.17%. Pelosi's latest AI pick skyrocketed 169% in just one month.",NKE,-0.382044,Bearish
20250324T104146,"Why S&P 500 And Nasdaq Futures Are Rising Today - AZEK Co  ( NYSE:AZEK ) , Castellum  ( AMEX:CTM ) ","U.S. stock futures gained on Monday, continuing the momentum from Friday's rally. Futures of major benchmark indices were in the green in premarket trading, pointing to rising bullish sentiments among investors.",NKE,-0.041743,Neutral
20250324T163900,Nike Stock: Is the Worst Over?,"Investors hoping for a turnaround at Nike ( NYSE: NKE ) will have to wait longer.The world's leading sportswear company posted yet another quarter of declining revenue and profits and told investors that things would get worse in the fiscal fourth quarter, the current period.The quarter marked ...",NKE,0.021362,Neutral
20250324T175241,"Heroes on the Water Launches 2025 Season with Spring Campaign to Support Veterans, Active-Duty Military, Law Enforcement, and First Responders","Allen, Texas, March 24, 2025 ( GLOBE NEWSWIRE ) -- Heroes on the Water ( HOW ) , a nonprofit dedicated to supporting those who serve through restorative kayak fishing experiences, proudly announces the launch of its 2025 on-the-water season.",NKE,0.246187,Somewhat-Bullish
20250325T124500,Market Movers: Jerome Powell and Jensen Huang,"We also talk with Joe Cutillo, CEO of Sterling Infrastructure, about tariffs and other timely topics.",NKE,-0.005845,Neutral
20250325T164100,3 Shoes & Retail Apparel Stocks in Focus as Cost Pressures Loom,"The Shoes & Retail Apparel industry thrives on innovation, demand and digital growth, benefiting NKE, ADDYY and BIRK, but faces rising costs and reinvestment challenges.",NKE,0.215422,Somewhat-Bullish
20250325T164300,NIKE's Slump Deepens After Weak Q3 Results: Is the 6% Drop a Red Flag?,NKE's Q3 results and a soft Q4 outlook due to the looming effects of new tariffs and a shifting market landscape call for a cautious investment approach.,NKE,0.079039,Neutral
20250326T072500,"Near a 7-Year Low, Is Nike Finally Too Cheap to Ignore?","Nike ( NYSE: NKE ) stock is up just a few percentage points from its seven-year low -- a low that came during the worst of the pandemic-induced sell-off in 2020 when Nike stock fell below $63 per share for one day, only to rebound 15.2% the next day.Here's what's driving the sell-off in the ...",NKE,0.173993,Somewhat-Bullish
20250326T121147,"Perfect Moment Bolsters Leadership With Top Execs From Rival Canada Goose: What Could The Future Hold? - Moncler  ( OTC:MONRF ) , Canada Goose Hldgs  ( NYSE:GOOS ) ","While macroeconomic concerns continue to weigh on consumers' minds, one area has witnessed conspicuous growth - the luxury fashion and goods segment. Still, even here, while evidence of sentiment strain is becoming apparent, global consumer trends point to potential growth opportunities for ...",NKE,0.079869,Neutral
20250326T135400,"Zacks Industry Outlook Highlights NIKE, Adidas and Birkenstock","NIKE, Adidas and Birkenstock are part of the Zacks Industry Outlook article.",NKE,0.294421,Somewhat-Bullish
20250326T182000,Should Investors Buy Lululemon Stock as Q4 Earnings Approach?,"Fourth quarter results from Lululemon (LULU) will highlight this week's earnings lineup with the apparel retailer set to release its Q4 report after-market hours on Thursday, March 27.",NKE,0.099605,Neutral
20250326T211121,"4 EV Stocks Soaring As Tesla Tumbles - BYD  ( OTC:BYDDY ) , Honda Motor Co  ( NYSE:HMC ) ","NBA legend Michael Jordan once famously said, ""Republicans buy sneakers too,"" emphasizing his choice to steer clear of politics while his iconic shoes propelled Nike to the pinnacle of sports retail. That's advice Tesla TSLA shareholders may wish the company's CEO, Elon Musk, had taken to heart.",NKE,0.231643,Somewhat-Bullish
20250327T130146,Nike Stock Hits 52-Week Lows - Is The Sneaker King Losing Its Step? - Nike  ( NYSE:NKE ) ,"Nike stock is in a strong bearish trend, trading below all key moving averages with heavy selling pressure. Weak fundamentals and technicals weigh on Nike, though oversold RSI hints at a potential short-term bounce. Pelosi's latest AI pick skyrocketed 169% in just one month.",NKE,-0.073307,Neutral
20250328T080000,Nike Stock Is Trading Near a 7-Year Low. Is Now the Time to Buy?,"Shares of Nike ( NYSE: NKE ) keep on sinking. The company's sales have been underwhelming, and it is facing considerable challenges due to trade wars and the threat of a recession on the horizon. But at the same time, it still owns an iconic brand that resonates with people all over the ...",NKE,-0.109619,Neutral
20250328T091500,Here's Why Nike's Unexpected Ace in the Hole Makes the Dividend Stock a Buy Now,"After surging to an all-time high of over $170 per share in 2021, Nike ( NYSE: NKE ) stock has given up all of its post-pandemic gains and is hovering around multiyear lows.Leadership changes and a new corporate strategy centered around product innovation and key markets in China and North ...",NKE,0.509735,Bullish
20250328T113000,What's Going On With Nike Stock?,"Nike ( NYSE: NKE ) stock is underperforming in 2025 as I expected it would.*Stock prices used were the afternoon prices of March 25, 2025. The video was published on March 27, 2025.Continue reading ...",NKE,-0.53564,Bearish
20250329T074500,2 Top Dividend Stocks to Buy and Hold Forever,"With enough time and persistence, anyone can build a stock portfolio that pays thousands of dollars in dividend income every year. Dividend investing may not be the most efficient way to build wealth in the stock market, but there's no other style of investing that can compete with the warm ...",NKE,0.294551,Somewhat-Bullish
20250329T111500,Will Nike's Turnaround Strategy Work for Long-Term Investors?,"Nike's ( NYSE: NKE ) incoming CEO is working diligently to reverse the missteps of the previous leadership team.*Stock prices used were the afternoon prices of March 26, 2025. The video was published on March 28, 2025.Continue reading ...",NKE,-0.53564,Bearish
20250329T120043,"Bulls And Bears: Chevron, Microsoft, Nike - And Tariffs Have Automotive Sector Reeling - Carvana  ( NYSE:CVNA ) , Amazon.com  ( NASDAQ:AMZN ) ",Benzinga examined the prospects for many investors' favorite stocks over the last week - here's a look at some of our top stories. U.S. stock markets declined this week amid escalating trade tensions and inflation concerns.,NKE,-0.270048,Somewhat-Bearish
20250330T093500,Nike Stock Is Down 62%. Is It a Buy?,"Nike ( NYSE: NKE ) stock plummeted to new lows following its latest earnings update. This iconic sportswear brand has suffered declining sales over the last year, which has sent the stock down 62% from its previous peak.The steady fall in the share price over the last three years might have ...",NKE,0.162814,Somewhat-Bullish
